temperature (Â°C),humidite (%),vitesse_vent (km/h),nombre_personnes,consommation (kW)
6.854305348131312,24.81063430708957,25.059067115516743,1.0,0.8175239381372856
11.706705679166937,49.944425692602266,12.348939953599992,5.0,5.286457463299219
11.706705679166937,79.83566687011266,25.059067115516743,3.0,2.081783696970393
11.706705679166937,68.5779909127649,25.059067115516743,5.0,7.266091949183007
-2.9791611800903564,74.52489182891598,13.59748630643155,1.0,2.1709576924772898
-2.980246584870881,62.70266933685739,37.96991312089818,5.0,2.7361409880343968
11.706705679166937,65.3821251614282,22.486992122527,1.0,5.286457463299219
28.97792655987208,77.93565212522554,38.83552784775906,1.0,9.190932024970342
17.050175528444395,29.97344070873488,3.268307878219262,5.0,2.511286535405723
11.706705679166937,49.15399709145124,24.378559683669216,1.0,5.286457463299219
-9.07369775668889,27.696755345568175,25.059067115516743,2.0,7.710279902613291
33.645943347289744,89.01344063973175,3.132660172767726,1.0,5.255885557172344
27.45991883601898,85.52474717492906,25.059067115516743,4.0,9.161958567626828
-0.4447400194775728,13.154144909480472,6.962268555879758,1.0,1.8928382930185017
-1.8178764756804728,66.44601380125508,26.621034113760857,4.0,5.286457463299219
-1.7467970565954776,84.01986539325327,20.55478013003533,1.0,2.712351888442243
3.690900933179197,24.44602761018668,17.367166312942135,1.0,5.286457463299219
13.614039423450702,55.43561844421036,44.99166728436362,5.0,6.99257944399407
9.437525838895208,83.23906380704335,1.091169838774475,2.0,6.140003889132966
3.1053113089118867,12.715678286863907,33.189484308779456,3.0,7.670860854442147
17.533380262507077,65.7936213797472,48.16972171067752,3.0,3.439894476238732
-3.722776270658118,33.78792058980406,28.008409173092097,5.0,4.755730735630804
3.1465091840848167,83.95169563012243,46.84112310165459,5.0,5.286457463299219
6.486282948216125,87.68465961322943,2.6128939643011884,2.0,5.286457463299219
10.523149289766618,49.944425692602266,20.93966595370807,5.0,3.276365089024185
25.33291826268561,47.9371373325971,13.007889548102558,2.0,3.300763764294285
-1.014679802873811,78.96341207914507,36.54104824903649,5.0,3.86820798387177
13.140549728612523,77.56395188280563,49.064854524862334,1.0,5.863643772258055
16.65865559879191,35.528037859460454,12.82650312221239,3.0,2.89706607050558
-7.909731427600102,76.3132379320542,32.70873007370373,2.0,9.195254433603102
11.706705679166937,49.944425692602266,9.904881637987009,4.0,3.024012866229503
-2.3264144340718813,57.70159027856424,28.26651272858049,5.0,5.286457463299219
11.706705679166937,28.40070698301624,23.19662433441681,5.0,5.286457463299219
32.699849176399994,19.645350862182305,48.60026648157685,2.0,6.737345672796697
33.45344148835517,16.156256130336732,30.42636363482333,1.0,9.116362425163317
26.377880665240752,65.70310207025118,17.475318604340938,1.0,2.1031196647831805
3.7076196128016807,37.18999710144529,5.704789244396668,1.0,9.699106120942922
11.706705679166937,67.98134172230093,7.562341436746728,5.0,4.802391923947361
20.79048619304706,15.22850726391539,11.265846497561755,4.0,9.484293530189731
9.80686221828206,35.223227026448825,12.5483330670149,3.0,6.929790414485447
-4.508279431984953,49.944425692602266,25.059067115516743,3.0,5.286457463299219
12.28296095500716,73.25785318711709,28.061139414126245,4.0,2.288873986712511
-8.452516549815172,35.5002002345656,26.169545568718323,3.0,5.286457463299219
30.91941809354519,60.07131011496072,25.059067115516743,4.0,5.286457463299219
1.6450991720007622,80.87821985889497,43.00698466747175,1.0,1.866745680261633
19.81350279592919,49.944425692602266,36.140715160424186,5.0,1.494274183291571
11.706705679166937,28.636757980290703,3.383418095000079,3.0,4.517963665544799
13.403060953001486,11.952062524523042,35.39175486148844,4.0,8.057994574447072
14.601962570447585,79.60790991207439,27.176910867132303,3.0,1.843143765055232
-1.681549501351283,11.701552868030973,4.086267287338913,3.0,1.7380441151371908
33.63130824940514,79.97613381473596,25.059067115516743,2.0,6.612575020414642
11.706705679166937,49.944425692602266,24.234814356502348,4.0,2.3732383286966297
32.27745237038851,85.1254158810317,8.288727008163788,3.0,1.4272953620354203
30.2672307692442,73.90265886189323,47.28490735001412,1.0,2.085061492952988
16.905499046498832,89.834728842667,42.49876857403309,2.0,9.275448260829371
31.48434057604026,49.944425692602266,33.451116866455415,2.0,8.303976901373812
-6.017837407663622,49.944425692602266,23.11477805003036,4.0,5.286457463299219
-1.1807711911384668,42.15447308873937,20.588277079225424,1.0,6.730297289610232
-7.964771999025787,48.39004962431271,32.548673357547706,2.0,5.604118899846362
4.639864884346896,60.20043705746961,27.271593470345277,5.0,6.932680503084358
11.706705679166937,79.8941691349071,3.113655294094281,3.0,6.9853759483962135
2.2107064298253167,88.72667753594361,25.625132438516584,2.0,6.472973143069932
27.293187911836817,71.46187310916146,40.32018086164197,1.0,3.027963001104432
6.053899701211517,43.4213425733867,22.961993879847903,2.0,0.8705609972467723
2.642052935932135,43.70856018216561,2.597828877713421,3.0,5.286457463299219
14.421323742121182,69.00658412711132,39.31390996920165,1.0,8.964251904561687
-3.658409876135681,49.944425692602266,10.06818910679872,4.0,5.910223955926472
26.098864133931784,49.944425692602266,12.931041744401938,1.0,8.407714896168125
11.706705679166937,38.36977261126212,8.235317671614794,4.0,5.286457463299219
11.706705679166937,49.944425692602266,16.51075324357488,1.0,2.0543539393136245
24.751014618349583,33.7046496364792,37.83757528443175,3.0,7.071887571848832
-1.057794330962242,28.688620083992795,25.96929297519687,3.0,6.905788950150234
-9.751504729437892,49.944425692602266,10.244063707535627,1.0,9.809576749903645
26.695764280467536,11.429914778673105,25.059067115516743,2.0,9.863206972551604
21.80858047314277,89.01779117888252,43.97909274757646,3.0,5.286457463299219
22.805322561844427,44.22185069886899,25.059067115516743,4.0,2.814340523830845
11.706705679166937,49.944425692602266,11.939810569076965,4.0,8.08628046224069
-6.667990671965933,64.3717826154456,22.561967209049406,5.0,1.516776775004862
6.130957784492267,27.460311029205133,49.24948280704376,4.0,7.916643389630472
-4.785892321369163,85.99689471601803,38.60062381549952,5.0,9.146863179374616
28.839654164401708,72.90760115324417,1.358371061277991,1.0,4.136917250300135
18.048415707240107,17.15288018498076,25.059067115516743,1.0,6.491035302339265
4.890411118369213,43.40646206279427,23.19656884061664,1.0,4.58635595491985
-7.139874237128936,80.32946460497317,45.461010293078,2.0,4.65876802238722
3.9942044772048,85.57856178331282,26.935089897635716,2.0,3.4485234465271404
4.6332494912036175,47.39212089998958,24.890625401714512,5.0,7.740231394278084
22.832278025212887,59.07291113685662,5.273684997831529,4.0,9.3936773595818
11.706705679166937,23.36271568736602,25.059067115516743,4.0,9.43713316272738
11.706705679166937,89.29349009095813,25.059067115516743,1.0,2.160422206311871
11.249671632287718,28.53373611067547,19.021000375378115,3.0,8.810064671737377
-4.618258932776423,85.41854193081005,38.78059254626638,3.0,7.50559869355766
22.09601542503478,61.97173191938948,25.059067115516743,2.0,2.901955306557748
24.235327187760383,58.61894359030873,10.188322956384454,1.0,1.1392038227543884
15.257473890627333,51.015080881320685,26.166481559737065,2.0,3.0459740354015907
24.693523097955243,28.453584937420693,14.356897904228775,1.0,9.165978249424494
12.220801836397584,24.12224256044066,39.64272095169197,5.0,6.5151974115098366
13.522977322189732,27.63889672561403,28.879668294057875,4.0,7.350019278529783
9.239345826134734,24.915060971540363,31.72912087751519,3.0,2.9429473355364104
-8.856139296515718,72.36675788534026,39.895707980794704,4.0,7.334187477960793
-5.1448857853013,38.01002073333841,19.798523633122745,4.0,0.7671543096402758
-8.58568664409696,14.62741412507171,45.75450342035216,5.0,5.286457463299219
18.63846850687012,87.52821041126491,26.651443362307,2.0,6.454156811152147
4.1460191484347,80.70287079707406,7.8977411417674,3.0,1.887917372642542
12.885681102411624,49.944425692602266,34.79495590844012,2.0,8.31853395724588
30.840491326674183,49.944425692602266,39.66306752191272,4.0,5.286457463299219
1.2181503116993715,23.91161993755898,15.838083853376334,1.0,6.69667057177524
8.46723153660334,41.699361512212704,42.85896284993765,4.0,4.349372854465631
23.999801234437196,70.6590780563273,45.30716273828832,2.0,6.162414157037648
0.2959174471230099,65.68164944430337,13.845224368890449,4.0,5.286457463299219
-6.535904057704316,22.311672507188405,25.059067115516743,1.0,5.286457463299219
3.0388153811195604,49.944425692602266,7.035576402437921,5.0,9.14086206011286
-2.7450420735698007,49.944425692602266,10.1007834201245,2.0,3.0614850832882365
31.83639435541579,27.905409185809845,9.211241961901306,4.0,8.28693152641436
26.365417080398764,52.95795383147309,44.69948550039352,2.0,9.993827854485902
18.503169042969056,49.944425692602266,25.059067115516743,5.0,2.508596950989656
29.21572655844729,56.40689662702489,7.6052141611136435,4.0,3.019122041241878
26.165243460460157,17.31894699182039,22.016170918417448,4.0,6.797167982529324
-1.6043473501283874,49.944425692602266,30.764901253490105,2.0,9.671762028705905
30.165154932049,31.248003407096483,4.173204249469165,2.0,9.200236307812068
14.270400886204282,20.36119370262433,25.059067115516743,1.0,5.277317440623056
26.334806982382812,81.09984638951818,40.18017677207676,5.0,8.053547684003885
11.706705679166937,86.45211985838027,25.059067115516743,1.0,1.78958560444906
4.310156373733875,78.97020938123605,48.35633076295852,4.0,9.785662749938115
-5.047663396254546,74.76128597799024,25.059067115516743,2.0,9.661355723341872
0.2570823143873753,62.41935845112174,49.20551595182489,4.0,2.0554250998521244
9.219850488181535,49.944425692602266,33.395999940181355,4.0,3.3445196856295127
26.810664466512197,16.958940792912813,31.733563662697076,3.0,1.451472476314286
28.73287624653545,42.676257045655895,8.29774476478925,3.0,3.081317189532707
-9.687154126096418,39.81508136098512,44.0963879152322,4.0,8.251579999444463
11.706705679166937,30.7803027008261,21.37448439603076,2.0,4.093998268069965
8.783495141695056,67.87360909508679,25.059067115516743,4.0,1.3397711878942045
-0.0051485288171395,49.944425692602266,25.059067115516743,3.0,3.751142485399593
-4.606058469984274,16.483697272611835,27.987784181919128,3.0,5.286457463299219
5.192682713163258,27.614656155984907,26.369981106133817,4.0,6.481994154962428
32.43093667606336,49.944425692602266,35.967681118457925,5.0,4.453528990858499
4.544131940933985,16.090468759224017,25.059067115516743,3.0,2.082115878224065
13.345577978451471,49.944425692602266,3.970329232151476,4.0,9.8686795741951
11.706705679166937,49.611722161117946,25.059067115516743,2.0,8.298065587999723
6.363332107068228,48.44692618613184,25.059067115516743,4.0,3.1740343732837344
33.73019372244323,57.392622772761406,42.9088526578582,4.0,1.1656526093512998
11.706705679166937,49.944425692602266,40.953175693082805,3.0,1.0379427950868014
1.3302033121413874,37.82473663217544,27.03968774927722,5.0,1.6435924203025714
12.376182765157346,64.24129220472508,35.51213993116558,3.0,5.286457463299219
3.5395239417546343,49.944425692602266,15.71750565918742,3.0,9.323252501452178
2.817822246986042,31.362261613553702,23.55839494664073,4.0,5.219062566056852
-8.340087369046024,80.29039890841264,41.08184488552358,3.0,8.507982083333873
17.430395029095358,73.79408172855425,22.96325985866069,3.0,4.735922888668174
12.620556045298766,62.67614677267404,17.88991326627209,3.0,7.23154368479434
-7.683456193750479,78.04653832753935,25.059067115516743,5.0,7.452791004221757
2.5390908906475147,49.944425692602266,41.41246262186092,3.0,2.152655206081717
30.87196486849942,66.66903813720279,16.760402368543637,5.0,3.931552560270212
0.7802850800137584,76.96106626909376,8.68807965678719,3.0,6.554370487111227
-3.479730755894961,65.79771693354269,35.60070101653904,3.0,5.286457463299219
12.025374212490334,64.41126174082403,41.29891063540409,2.0,5.286457463299219
34.35427043497703,59.48891025721474,5.031873926176667,5.0,5.580594929671328
0.8924872180175178,70.2173311646113,11.993705637797236,5.0,9.964132683924069
11.706705679166937,22.688408423445896,7.098599488049695,3.0,5.008068844913187
11.706705679166937,80.46966073591427,17.39707057910833,1.0,8.252539192586074
0.6936894796579853,49.944425692602266,22.517548945270637,3.0,4.604639208132869
22.76973568753368,12.339782642764732,37.44131684816532,5.0,8.065711864887234
11.706705679166937,76.06534004518102,32.557379244083705,1.0,6.15644061539103
18.45376237671108,20.309589397875616,31.04642837392156,3.0,8.922656694272785
18.50883698424026,36.80950834073136,17.61874733048272,3.0,4.403954247326045
11.706705679166937,69.48066050332862,42.072377654238,5.0,6.24089198830405
11.706705679166937,22.86079168386465,23.564358369908227,1.0,6.48517746587886
27.58861230151571,49.944425692602266,25.059067115516743,3.0,4.4651379471044965
4.435102923728113,49.944425692602266,31.70710691478684,2.0,5.286457463299219
-1.606667032006559,50.597418700866896,6.313237078225137,5.0,1.3888143656671876
-8.165118630035623,10.510869737346686,33.8088781037717,3.0,0.6583797306965145
16.59018244347088,32.96305065399302,16.25520077158495,2.0,8.798575510329538
20.490396282902708,59.35415347005937,34.31635983430487,3.0,2.7465116662675984
-9.253547698246471,88.49489424219388,3.482057408120287,4.0,5.286457463299219
11.706705679166937,60.54508216133347,8.74407185879797,2.0,7.4923363040476225
0.1923098839072086,30.78428648513278,42.78686294528932,1.0,3.5401530743302216
19.032775568425244,60.72045624796891,11.358977851175744,2.0,5.307424577912448
11.706705679166937,53.19883037726844,41.852056262147,2.0,2.043855120325835
21.092198214610967,72.3876316120915,13.96380442272052,3.0,9.617584353888708
7.4030905835241825,49.944425692602266,32.144095502935386,1.0,8.590023300163756
11.706705679166937,70.88223220016224,34.70752867549155,3.0,5.286457463299219
-3.8115575134303032,49.944425692602266,25.632737657252648,3.0,4.36435061143405
5.347985797261632,87.03936030871957,15.265533834836564,1.0,7.742431530218141
-4.893691544173492,37.34977328309489,10.632218818554806,4.0,1.8668234762029117
31.61121282253532,60.60975145071585,1.659467728121311,3.0,0.5818805246219126
29.48027090214415,84.5622484408014,15.19732006203619,3.0,0.6897428594912671
1.607373247182002,18.20077823925434,32.65813952656415,5.0,6.072716505343324
19.699282071538057,84.9782789789161,46.91524092242413,2.0,5.286457463299219
26.77499900905471,65.03085778406506,43.5602241131526,3.0,5.421145814630938
14.984036521975806,15.426964728413752,38.30323882676513,5.0,5.286457463299219
13.83427602602029,49.944425692602266,39.42236716266493,1.0,5.286457463299219
0.8833530905203251,66.65376709162253,33.249245173799764,4.0,7.3216475314081775
-5.810375448734535,15.388048117501736,25.059067115516743,2.0,5.286457463299219
30.374709107899704,56.57363681410186,45.35975153529149,3.0,5.286457463299219
30.518812572349876,37.67064455623654,33.5366155952917,3.0,2.7136801617699304
18.489565577297057,59.67324142139817,28.022031549022,2.0,8.224849042576391
5.25634059719153,13.659362705001028,5.549473460674053,4.0,6.090096784307796
5.71443085756974,79.7229444921901,22.35277719032127,1.0,2.502249444584109
22.66800554916077,87.87911753419175,23.017913560096314,2.0,2.7488445206114127
30.369961697865968,87.51022842285532,43.228180476133495,2.0,6.4662894134106015
29.91888909193028,69.97214653943398,27.332411009389425,5.0,8.384426135518211
25.094399563593072,20.40689921045056,25.059067115516743,3.0,4.448463929276974
18.89142407694295,70.6610556743218,48.840016425532966,3.0,2.953854076712126
-6.213701575222803,49.944425692602266,5.536029666315784,1.0,8.736610265650704
11.706705679166937,11.76988412231978,21.12742141559723,4.0,6.858048771632932
30.434938483718568,35.8888175319633,2.1012337585702645,1.0,4.7568121291892265
17.289307684681546,49.091455232373264,36.99520603834652,2.0,5.135051855153368
-9.586132677251666,71.63259342462345,45.90382760995753,2.0,2.4404364453957657
-5.433780571028556,64.66363012852042,14.001866477524471,3.0,6.454624985616017
19.857579609862512,49.944425692602266,42.91708383995604,4.0,3.908053850157442
-9.77222872692016,31.890133302533272,14.610911523094888,5.0,9.958629178406316
-2.7636376862125607,89.76996001261689,45.53850808219576,4.0,5.286457463299219
14.693020521496376,44.09450417887784,37.6980951798392,3.0,5.115913258801325
21.135283896171195,46.11096194637404,40.24533884207193,5.0,5.875591980401383
19.338256677617025,49.944425692602266,0.900327780022725,4.0,9.209182029628094
0.0921189257251899,49.944425692602266,48.1405178537013,4.0,8.107771948667628
22.04806496063912,65.49457806251908,36.33354960351616,3.0,5.286457463299219
0.6762089373560034,27.66156902310083,15.237554769306666,3.0,7.327643026741562
4.642986417167048,16.590483649267416,41.46973324294235,3.0,5.286457463299219
23.592113230311085,64.43994416597704,14.076059920746498,3.0,5.177486962661865
19.23348045712466,62.36089714249082,43.6376919783064,2.0,2.3269998414513298
28.215053472238004,31.860762159856748,5.6290195205968505,5.0,4.907394502821464
11.706705679166937,86.06908498003283,35.184298873039786,5.0,2.835276576714459
15.573887150096224,22.08463134247202,27.03492383224552,4.0,9.19100042359072
-5.784635447735838,44.58678408340816,4.826723509772041,2.0,5.286457463299219
6.547211137674509,85.4892736134079,12.094691412941948,4.0,9.546508138067036
1.9341065456776447,43.57818535408978,25.059067115516743,1.0,5.5640252558997565
0.9795339520587608,61.08207581312684,23.43839827322529,1.0,5.286457463299219
33.785474963860054,41.80755183702354,15.063263038000018,2.0,5.657934222648613
11.706705679166937,31.937216187893604,29.91787421488794,5.0,1.7291158611836583
30.1420949829701,88.71821183678625,14.86189038543086,3.0,4.070301580575439
18.40123816987683,42.74672050520344,14.995955575349235,4.0,5.286457463299219
25.766508659374185,81.52793629433076,37.15965993658017,2.0,6.418063419742127
12.618669189733644,28.39636847128689,2.4071417989176727,2.0,4.74530485440417
15.96067480818616,27.048376322006664,45.14474975959936,3.0,7.8908572299239
12.163296221848874,12.490726630760909,25.059067115516743,3.0,2.5944695694940134
-1.214065549087998,62.1333460300708,25.059067115516743,2.0,2.0633775550786817
11.706705679166937,39.48210749790089,29.66107850536921,3.0,4.360156194155794
2.634756309838512,79.14865998717096,25.059067115516743,2.0,9.30256114057462
-8.905781510584577,47.85679253532457,9.266508976435722,5.0,5.286457463299219
11.706705679166937,87.45547423317774,3.948458109541431,5.0,4.479774435532727
-2.030019426682798,24.842041256249694,11.975508495476904,3.0,5.41408561266595
32.320636295881144,79.48985343644887,39.72891393500952,1.0,1.3000236061824342
32.92678596511643,72.12774822333934,25.059067115516743,3.0,9.853471015573074
31.168897559920183,71.67374757152416,29.14034175417448,2.0,6.83086939460173
11.706705679166937,77.58265824935101,49.77187580956549,4.0,3.2113386504025137
-9.304452256200966,70.88191927543991,42.78480469187697,1.0,6.065179745044821
11.706705679166937,60.09762573051323,26.072284452179478,4.0,5.286457463299219
9.268286674279146,20.49959021459101,3.182045464332117,4.0,9.675448353672044
33.49946685696513,12.602094359300152,41.56867571928549,3.0,2.160457384891976
33.36289896901638,83.66782782525495,29.94892540886053,3.0,6.656288021524534
28.385425496031203,59.33202516165905,5.746649852978342,2.0,2.831817394119839
3.250200143131355,73.7229832780941,4.69286424116781,1.0,7.316833135161089
7.329397787086638,48.52178812100401,45.48134097182962,4.0,7.87980298878267
28.301150218258563,19.38465511699156,25.059067115516743,3.0,6.89748742465861
4.261490232032495,20.014863376204037,41.46433996583777,3.0,6.337744872424329
-2.372826399125838,64.84522297831771,43.94894501411336,2.0,8.97845639254411
15.056056810625758,44.424471591957015,28.58861760241611,1.0,1.2469537544027014
11.706705679166937,49.944425692602266,25.872317587752065,3.0,5.286457463299219
21.321340850373787,49.32756373931496,25.059067115516743,2.0,2.8587310564930366
15.652752654021423,15.136714966010729,15.847329389555965,1.0,9.886132639621504
-5.627057780315416,49.944425692602266,21.729798042935588,4.0,4.199202906835298
17.675325201462638,31.519472354807814,38.69398278650782,3.0,7.459820642783788
11.706705679166937,73.80472805097506,30.09617155075658,1.0,7.004889056869543
-3.6962193143564175,34.8289567138859,44.6261644977423,5.0,2.5147717560350884
11.706705679166937,46.4176119265441,22.169000718959385,2.0,5.286457463299219
11.706705679166937,10.92964319264805,30.3544789359377,2.0,3.172203353753824
23.3345877989392,15.79575102356471,31.56537765459944,1.0,5.286457463299219
21.36570834478706,41.399484512534784,29.58485811531628,5.0,2.7260881236800047
11.706705679166937,48.39510677736988,25.059067115516743,2.0,0.6866890860950541
6.177101804888984,49.944425692602266,11.871673418740317,3.0,5.286457463299219
3.211632991902201,49.944425692602266,25.618188877289533,3.0,9.673293398118398
11.706705679166937,65.5985508901234,5.211240140417384,3.0,5.286457463299219
26.455102760563136,78.80979177513636,19.22556638224063,2.0,3.715815354541992
29.01825433610467,72.38807911146799,24.38335343106322,5.0,0.5673722213565244
31.09582486504121,13.169506027868572,32.611212977273624,2.0,6.962381539138553
13.010407948742202,48.44055578062631,47.526552629310174,5.0,8.341679009611973
12.568233260923982,18.39441427345399,25.059067115516743,4.0,1.89277885342003
11.706705679166937,29.3636012690022,37.17969580882799,5.0,2.016830318987932
11.706705679166937,88.93300746137172,25.313302974760138,2.0,8.005790874728659
11.706705679166937,21.39964343212106,25.059067115516743,4.0,6.354762109364375
25.81067012462455,49.944425692602266,3.546610806688672,1.0,0.9261752974633116
30.05024038179048,59.452458745449526,25.059067115516743,3.0,6.414196409391676
11.706705679166937,66.19719764352831,18.092654660256933,2.0,3.434718367015777
6.901232868797482,49.944425692602266,23.62466775032568,2.0,4.002888976973036
-5.770812707160895,10.781667793534693,2.282437275119187,2.0,7.8124484738203614
11.706705679166937,49.944425692602266,7.001204877665884,4.0,8.203884330389801
-8.382597679146606,51.41693147077692,13.84071538956529,1.0,4.303387954978391
10.951910815960709,17.02931993158667,48.576634545052535,5.0,9.49795289206037
14.419008561840949,38.050154496734464,16.567350355152538,1.0,4.361395820544686
2.894356345772799,49.944425692602266,24.102052905604125,4.0,7.832442334686045
16.587496725605483,16.28627977240166,9.804885636919646,2.0,5.096834013360461
-8.627488752742776,41.75386209612768,30.53900355378841,3.0,5.286457463299219
-8.319331506285351,20.617260323444828,14.034160775798716,2.0,9.123731814676695
27.01702522968462,55.40326786092465,10.349628921921338,3.0,1.3304596747752966
6.20857886350683,65.15719753098125,25.828631422298955,3.0,9.396686647447144
-4.282276930665184,49.944425692602266,0.275289958021041,2.0,8.34258099444395
13.500946702466198,26.01201953958481,25.059067115516743,3.0,8.017451785970335
24.64970988943749,23.39860658072558,10.953440455092888,1.0,2.4086577270124634
-0.2880537626420576,18.36542722675202,1.836068125041057,4.0,8.148632483169317
18.03007141185501,60.914419963490936,5.401287706534569,3.0,8.57626097950785
-6.15936407528044,66.5180581189521,16.94303246693758,5.0,3.246928177314434
-7.674322547412654,12.526891586051365,40.12928397899064,1.0,9.546470744442075
13.91095842056666,84.89697969949519,28.602432168465043,2.0,0.9736713907920604
14.328580472454792,14.157702692117793,25.63338629782082,3.0,5.286457463299219
18.684345567419296,53.30370682408564,14.674441160406085,5.0,5.607020811489386
22.674110017519773,66.72484155607332,46.587685971640816,2.0,5.970028475661942
33.91334357581406,79.67752989968685,19.850752061859584,5.0,6.628925791358582
13.23351567355379,49.944425692602266,4.354638339788575,3.0,0.6612067284969314
11.706705679166937,74.13824664558335,25.059067115516743,5.0,9.623484358910238
25.783378764591667,37.15601540342448,5.69191967383007,3.0,5.286457463299219
2.1874513067933403,75.18600909972098,17.261157140084606,2.0,1.8590885508723227
9.753713931753625,16.409187710774013,25.370596935890443,3.0,0.6331379164975413
-6.469462839598032,81.58533248484221,43.71112623425879,2.0,5.8851551162939
-8.859216546304411,53.8073900922989,24.67732901700593,2.0,9.356535397249235
33.31917866050663,75.3838215969995,35.11293830158321,4.0,6.82649807776441
27.619105423049263,46.18546276146401,49.64084194995352,2.0,8.315245950564059
21.31883927421641,61.486215615722,6.574455994899081,3.0,0.6261714328565108
8.402882498642146,52.11221287488905,25.059067115516743,4.0,5.649145335557398
-2.20175559681194,68.52716174042655,25.059067115516743,4.0,4.865848286302458
-2.960333079801128,16.530398562447168,21.09140892694157,2.0,5.240195470097534
11.706705679166937,14.828166719245104,20.551053763277288,3.0,1.1860252606842856
14.715199911775422,29.76825872081172,45.38055012782775,5.0,7.0021359301584205
22.156816521502805,22.763574409055067,35.70163222334282,4.0,5.280593941157028
19.708881952297908,79.74268532737614,30.395260704535183,2.0,7.768914073682008
2.597025362567427,27.537118988643545,15.468635893139105,5.0,5.110261023586296
11.706705679166937,49.944425692602266,41.189519211064734,3.0,1.9191255441511048
11.706705679166937,36.951663341688544,47.75302557424945,2.0,6.658441063739309
14.945932363013032,24.569433255095944,25.059067115516743,4.0,5.286457463299219
11.706705679166937,73.17588057139832,0.0782552595736452,4.0,8.787748351870741
8.882002809250547,62.69662204007009,31.82006850917035,1.0,6.324604271157794
11.706705679166937,49.85565731625112,2.556769072105036,3.0,1.9934368937910651
6.018770539306772,54.4290840750105,12.880361016686091,5.0,9.642211546071463
24.103074970896607,67.53614226178111,2.9762350173885843,3.0,5.424471901685546
11.706705679166937,28.276379306503895,30.189772647469383,3.0,1.1925352927807225
-4.776731177188769,89.70671328453935,34.32949567463034,2.0,5.286457463299219
-7.929881109021126,87.98345297174265,5.724381903295256,3.0,2.9053896166216973
-8.167203895646344,62.02605490775496,19.191944152248976,5.0,8.135087792834373
28.49572628049533,25.96339607433161,22.8118254477771,1.0,5.286457463299219
21.664603672101062,49.944425692602266,18.45265108804583,5.0,9.799999880619287
11.337822308929637,15.775872718334067,6.0512500242596525,3.0,5.286457463299219
-5.597462770704934,12.452200176464483,20.94738950937377,2.0,4.822090357413503
12.122714380257456,30.61463108089709,37.5589023904209,4.0,7.658018251741566
11.306229685125455,49.944425692602266,3.550383226662773,3.0,1.7584712352483023
11.706705679166937,79.46180043267044,4.009000704095173,4.0,5.69569738103468
9.523324215708788,68.17352558130465,17.73856459179921,5.0,5.286457463299219
7.932713047881805,69.41652169599848,25.059067115516743,1.0,5.286457463299219
17.71325441234974,44.03946675584603,33.428632336145704,4.0,4.470848812315679
18.57921428904397,37.67479940375704,33.93349783362824,3.0,8.606205586388418
-7.961319560257997,39.68310103876821,18.09599954189325,4.0,8.633459408949273
6.857567658191204,89.01196509888463,29.68303956042692,3.0,1.4427578167369697
18.16369620714064,49.944425692602266,0.5065592013871689,5.0,1.361848386104393
12.641131636103946,79.36251968979589,31.80480232047711,5.0,2.9956070315183854
28.542042853474506,56.29403268579147,45.66434737881184,5.0,8.810277594262939
19.641213422852527,45.08923353516724,30.62867341724096,5.0,5.286457463299219
-2.667950781335664,49.944425692602266,43.68492967331725,5.0,7.339969624960739
-6.824406366980657,48.93351531397623,36.19865277330469,3.0,1.4610733863244807
18.908867519284204,49.944425692602266,6.027920820184512,1.0,6.419809610604341
-8.806991025627019,82.05614912090068,45.12266536429209,3.0,3.882639341631876
16.35990115730585,43.73767414987643,3.322192217788744,5.0,7.994682648175736
11.706705679166937,49.944425692602266,26.69837362738819,3.0,2.7200592638409544
15.896338004414552,57.388026287468975,7.106856189672883,5.0,6.5724173792046185
7.467646679293487,49.944425692602266,0.5853305365452033,4.0,2.738984078470907
18.94796982990589,26.852975120453326,21.10171300638195,5.0,7.279772689565461
10.62138007211825,59.83732668507862,14.752035382707811,2.0,8.799941328327114
14.552755519217072,60.52481760740165,24.30002468988015,3.0,5.286457463299219
32.36591639494363,49.944425692602266,28.85999433672754,4.0,8.732659041657284
7.374618701034841,20.525414810180784,2.186953615447368,4.0,6.13896491693583
33.25357537207614,67.26599717456708,6.150164756187282,2.0,1.7075496632367275
30.740778888022867,82.72260165325127,27.93211982252127,3.0,4.5616476259172645
-1.189398934481661,24.37464870961936,17.158367658632912,1.0,2.0281727881084297
-6.8787414606175545,29.00346599391021,36.4586743774724,4.0,5.286457463299219
11.706705679166937,87.71160752333117,32.614582429596986,1.0,7.709247276970522
-9.180017845680265,24.47815621675918,42.28021814949534,4.0,1.50506694259159
-5.750066765983222,78.35080746956633,34.62464133346126,5.0,5.308328600599121
20.735304803736057,49.38222851584278,21.496553869507405,4.0,5.286457463299219
-6.796510819289695,49.944425692602266,33.64833111972162,4.0,9.393548894734469
4.353903363219258,79.65999210180091,13.769058712770926,3.0,5.378419734046815
28.01938899362545,45.62442040021324,15.315674938910634,3.0,9.527652624308368
-8.952762891887836,51.18538831437522,39.44925799603966,2.0,5.589045219332284
26.651081716502112,38.73866955198125,22.32097582007911,2.0,4.244809698699125
2.683464864802996,57.4360681147942,39.919017025917626,5.0,8.557929721252506
11.706705679166937,23.08190980680182,41.12111868341392,2.0,5.286457463299219
21.35317244138678,49.944425692602266,42.87811688306419,5.0,4.983073850362969
11.706705679166937,87.552985786823,45.83176179206036,2.0,5.157968649393369
29.48624060871738,30.650674616090203,21.54926102566481,3.0,8.54445751776258
23.07819697117486,62.538933163303376,15.94334091605694,2.0,8.403444646036494
26.156641867318186,36.01520513797559,29.10993732970569,4.0,4.333439928182006
11.706705679166937,49.944425692602266,18.558621171881377,3.0,3.666348668769988
11.706705679166937,20.469892857467983,30.05370834001165,1.0,5.173316228371728
11.706705679166937,87.58568360628358,35.27929313219123,1.0,5.941338842502535
26.30756326702688,46.30316331069114,34.42025092460684,5.0,2.764203500965971
34.5727313900303,28.88403706771712,18.727644351006067,3.0,5.286457463299219
8.567795461014192,15.879739786401013,8.34301008493764,2.0,5.121586274458018
11.706705679166937,23.580632407003257,21.526466923110377,3.0,3.673432709989616
11.706705679166937,51.58191588448141,7.129707204095437,1.0,1.5147994331579109
5.336159311385803,49.944425692602266,44.504851759190416,5.0,2.769029023834266
31.88407965216041,76.31066927060876,17.29387303689287,3.0,9.518171131681845
28.62857383293553,44.47100189294447,7.722987361166189,3.0,3.3984470247855025
9.304731231875827,29.897141807010392,1.272387995287544,3.0,2.104163248986836
23.78919805061738,59.371598928322406,32.29111931432421,2.0,4.876391520722436
23.954429333810708,66.54217735083566,31.84511587273716,3.0,3.4173335619223626
-5.359425902383032,23.363352632075987,17.030208329064582,4.0,0.8340128775763445
11.706705679166937,23.409537303065413,3.5855944423825505,2.0,3.569879564154464
12.736356760153573,12.933714154683438,20.4814447447616,4.0,5.286457463299219
27.19058597484837,68.91216120525124,15.56087475316968,1.0,5.741267534189686
4.402232046377529,63.10436220974441,33.856031986750466,4.0,3.8873097511804415
30.298545282329023,47.97047005998511,30.28896247263452,2.0,4.749376184399706
7.51407554303734,77.53363591753578,18.229686409877,4.0,9.67242022323028
11.706705679166937,74.45361223600426,10.894627712749504,5.0,4.0848105336879605
30.742188938866867,56.82834915174017,49.40179830777959,3.0,2.9531547259698385
-5.89209954462399,79.4617024410607,22.700081059805743,1.0,2.812936918634221
4.3691136915686695,26.467296802941465,34.413711789011856,5.0,4.848763820689275
32.75278851728622,18.95356955181823,7.027648378918039,5.0,7.715441412810969
32.77732161219002,49.944425692602266,24.27948498296989,2.0,2.4568877497904955
15.804704965547874,14.566948487145188,1.3768359934732743,3.0,7.238313207837296
18.432674547640968,52.49356224008256,25.272755895522497,3.0,0.7009233218194547
10.18004848902439,49.944425692602266,48.20087035588512,1.0,5.286457463299219
3.194484726412904,13.147483253480772,19.210335649290013,2.0,5.286457463299219
4.789904541646218,49.944425692602266,1.9498006287455796,1.0,3.7179630798570975
20.263330523466728,46.17592226267482,1.5477895459671764,4.0,5.855502463731295
11.706705679166937,49.944425692602266,25.059067115516743,5.0,2.4473027118461523
11.706705679166937,49.944425692602266,8.001246823159702,1.0,7.548956215698637
25.532816425754923,50.57878469507139,1.1676048164092956,5.0,0.9966514810532164
11.706705679166937,13.325828724031368,37.81068069750884,2.0,8.599155126317253
12.248913711616163,21.86745607696711,22.92615044409453,4.0,2.382865671005847
-7.409855799251007,49.944425692602266,14.462238598632728,2.0,8.806781301229142
11.706705679166937,87.20949571488364,45.00415915082404,4.0,3.8490277923549145
11.706705679166937,10.39519847475277,5.8069480100262805,4.0,7.365493957507622
11.706705679166937,86.14494283385912,47.79594144776596,5.0,3.5326403289687907
5.791175564843542,61.12959502524003,15.69833586886764,2.0,9.106160876729152
-4.731984260757736,79.43346356160177,44.42018361543406,2.0,1.7030526924245564
-3.5653743076223865,49.944425692602266,30.14714382397308,1.0,5.286457463299219
24.26797842728625,51.24768228634002,41.33536798707437,2.0,5.286457463299219
17.81981284923175,49.10772642055362,49.20065816052321,1.0,5.286457463299219
11.706705679166937,63.34914060368835,14.420271890937286,3.0,5.286457463299219
-6.215193724825116,49.944425692602266,25.059067115516743,3.0,9.465780631014136
11.706705679166937,12.397887189814236,25.059067115516743,3.0,9.776651780904928
-6.725664713611291,34.63439532729527,19.275595236846115,2.0,4.074463628639009
26.98370266806603,66.37446101893174,17.019355212725284,2.0,9.271217199632389
11.706705679166937,26.148276169835867,27.07038036737926,1.0,5.675834418897601
-6.339304871114511,63.874594665993385,7.707252158924355,4.0,3.062553425800787
-6.182302866166364,87.59296368858163,27.68557426790056,1.0,7.172787850265687
34.3987810325529,17.512057263153473,27.0852406205002,3.0,6.759567162461144
6.842185809025416,63.8081694580101,38.0950906302435,1.0,9.896690531532968
11.706705679166937,45.50001754436569,41.68249809687928,4.0,3.0179492303881914
26.57598052658761,79.45138035020042,22.0220675156212,2.0,6.884565275286486
32.62618598227364,24.171983155790876,15.116662467574688,1.0,0.9942256727797456
34.37004787202919,65.41007617809316,12.966744865854723,3.0,1.5796373676188344
23.90201833665237,77.04922317184882,9.731191835243596,3.0,0.5372245620353859
11.706705679166937,85.56913755792186,2.882379109951244,2.0,9.994876470066895
11.706705679166937,64.65984226317167,17.122398941735668,1.0,5.286457463299219
11.706705679166937,49.773981120674186,13.512384606539165,4.0,7.973868639968638
11.706705679166937,59.42777921609711,48.32086929332037,2.0,5.342397715237707
9.089990416113933,79.51239875829745,27.885441312502195,1.0,5.286457463299219
30.78594732926312,55.64877973110637,17.363851951525376,5.0,1.9370107023954213
-4.996113296223189,12.430964775746949,29.0233800496848,3.0,3.2044100190414047
12.168129693088662,84.47589564055822,6.959835067284775,4.0,4.071726608326822
-9.489085985466142,49.944425692602266,25.059067115516743,4.0,7.684945921312794
11.089728889735682,64.12107086217972,31.31171607105319,4.0,5.286457463299219
-7.466352594317319,27.25401219181737,24.444891589622568,3.0,1.2360944522770856
-4.653193767936764,49.944425692602266,20.088940032716213,1.0,0.6712755851096663
-4.7113188950302805,41.50915245233268,25.059067115516743,2.0,5.286457463299219
19.21446359522286,62.09863816331936,44.01573810744635,1.0,5.286457463299219
23.57201956694405,18.527442424639258,31.170297907972007,3.0,9.365332711965674
16.251594429372183,62.62762436824288,25.059067115516743,4.0,6.555323571487605
33.29776468135439,89.95309806165332,31.033023991229204,1.0,8.117346048817392
6.8691760785666816,13.856963108844482,10.065605391121665,4.0,4.930558647793212
2.857043882683733,88.17393473770538,19.75688716321593,3.0,3.9358277903529055
29.086960768525717,42.55263685782965,1.972976644544966,4.0,5.286457463299219
0.061812733375369,79.66027602698074,23.777301874341333,4.0,5.286457463299219
33.345014274827506,72.59083872466188,27.15122919788316,2.0,7.940020275765077
-9.453048638958265,55.36130087893342,11.38748680516048,5.0,5.286457463299219
33.64454720184376,49.944425692602266,48.201442358275685,4.0,5.366475356824475
11.706705679166937,80.28124490410784,45.4727305468621,4.0,5.130060675251826
30.1014401164132,42.33122573208264,36.107161772795294,5.0,6.438369750522022
13.746549908883496,36.16265292505909,26.66933143826813,5.0,9.488775492916982
34.68341582536851,63.40747084508678,43.498457982384245,1.0,6.007828696743556
-6.679154586907051,74.62767535530068,25.059067115516743,2.0,5.632064034396876
14.923442798059437,70.98281078212926,25.059067115516743,5.0,0.9780678628793076
11.706705679166937,73.82509190869075,25.059067115516743,5.0,1.0976210221712273
11.706705679166937,44.84666518503464,39.71053312747027,3.0,5.286457463299219
18.322938716086814,49.944425692602266,13.788378412567848,5.0,0.8084723310716087
11.706705679166937,19.61672442964868,43.85452905090945,2.0,5.286457463299219
10.454347914549796,53.559127836867965,25.059067115516743,3.0,7.37163788794265
18.240113603782856,10.460692839849726,7.439798470255782,4.0,1.792534227100608
16.29414403653951,35.96686639202162,23.13378025326968,4.0,8.442749557555167
30.552110472094505,39.31692278971183,49.049368908134255,4.0,1.970467331038064
-7.954912884634396,41.69381532874043,24.17037179865733,3.0,3.361168076474909
2.6433435316503644,65.63737653518898,25.059067115516743,5.0,2.865280542032968
32.76851678344514,41.08464810162766,29.436576106565997,4.0,4.036917436443954
11.706705679166937,49.944425692602266,18.76649539598009,1.0,2.919305775954638
10.504553875357082,29.0035304699462,14.28917777629351,3.0,5.145033801165295
11.706705679166937,39.860143330347206,10.161154554304364,5.0,4.370374872869512
11.706705679166937,28.18157018105212,25.059067115516743,4.0,9.872410162403602
-1.5345478124307412,15.855673901475493,19.327025341151398,3.0,1.031300326218144
10.8664282222992,58.27588747051024,25.56377311003756,2.0,1.8507230756798403
5.900850261172376,63.4570238844013,25.059067115516743,2.0,1.0018459921317235
16.264525033289242,59.55922768076916,25.059067115516743,5.0,5.286457463299219
11.706705679166937,47.07952350404579,43.27885728122761,2.0,1.017838135430336
33.847766344977494,40.38286241433838,49.03696717917147,2.0,8.446177505073171
34.37948350158213,79.06669196574602,20.379210428690847,1.0,5.363416991478314
21.41727713088853,49.944425692602266,41.37594610531515,5.0,5.50657243352457
14.12433648548542,48.33455021037848,25.059067115516743,5.0,5.835147823265845
3.928742732884748,49.944425692602266,28.676447572778663,2.0,2.122730209909002
26.620775886812687,49.944425692602266,47.80235718059666,2.0,2.378057879587632
20.81290276492457,49.944425692602266,10.02372577642014,2.0,3.5287645672935444
-2.682237729479892,41.90582247175204,5.46321051548107,3.0,6.138215950307589
30.99172330222291,56.413789538186585,42.69809834777111,4.0,2.4961188714320377
27.014175931542603,52.68820373815028,21.957490831687416,3.0,1.6051514077659816
32.740996098136584,58.63240742347557,42.34844271035303,5.0,9.716110420975106
22.6573778774762,71.19066092337026,44.654510259770746,1.0,0.7088272406914177
17.603683817110543,75.03885909728749,3.122879680953572,4.0,8.125625350692205
8.82093663307785,49.944425692602266,44.17323814930303,1.0,7.98633392096271
31.972781750930597,86.44189567639478,22.415952768471108,5.0,3.323534081528412
28.972875027518377,11.45860661410893,25.52162445021161,5.0,1.7884528520694774
-7.965159845221477,25.66223885468369,25.059067115516743,1.0,1.8834721437015225
-8.81348614762366,10.60502999825137,46.31913033650434,1.0,7.125600363753328
6.940851509512232,61.79797713236824,25.059067115516743,1.0,6.606662615318649
26.47489988518248,81.84244391599896,23.84217341589085,5.0,7.936083905388174
34.4274258191725,29.478583726103945,34.38610212152803,2.0,9.406071137791496
-3.2312399003412318,49.944425692602266,36.13534788491143,1.0,5.286457463299219
11.706705679166937,14.821391223164868,34.6266215768554,4.0,1.9805895972387129
7.140088548395969,49.944425692602266,6.721756470406093,3.0,5.286457463299219
11.706705679166937,38.12981497917075,14.96977941858406,3.0,8.500840443294589
27.89535154110689,18.11366627593732,17.935776270850674,3.0,2.488407720424981
27.72479171200121,48.86974073490605,40.22186038397525,4.0,1.1889620110675734
11.09119219077366,30.542125417640637,13.937993620727651,2.0,7.181160513401379
8.666877605194934,32.78983215695383,10.535248193360156,1.0,4.3240003771563496
2.303318236881781,34.58319719410292,47.87240095190481,5.0,9.240380499186085
-7.463102650708279,49.944425692602266,0.443164255673445,1.0,6.677423175389785
11.706705679166937,53.13290213402036,49.89104278409891,5.0,1.3589802890207772
26.58054541085349,34.90461593248029,33.84106494286978,3.0,9.504637388909778
34.987295297875875,58.826702664873466,41.423464972455854,1.0,2.956294004582336
34.84865766832574,67.29205393785548,14.730969817309658,4.0,3.703518658859714
14.994426752118237,31.8099200586827,0.7157638833529989,2.0,4.321473929993649
24.60443368312297,43.08392812202812,36.893475928076505,4.0,5.286457463299219
32.51445784470926,19.750887466955803,41.70722985003379,2.0,5.216896511190746
28.23413258048352,24.491947962774425,37.02380659767596,1.0,1.6715256652152763
1.130664578443895,49.944425692602266,7.142514365041929,1.0,4.309218103539342
11.706705679166937,24.51506781565016,37.671396112848456,2.0,3.8317429859248007
-4.187826318182726,52.01307069336481,38.44613910538205,3.0,7.841980792551782
32.93229622664251,66.72370093779462,32.92702578350274,3.0,5.286457463299219
11.706705679166937,18.55015384757951,38.30579663977931,3.0,1.957422382696336
11.706705679166937,55.38497757031229,42.296071983886605,4.0,3.982236280102649
11.706705679166937,49.944425692602266,30.68020571187292,4.0,4.046855029802401
11.706705679166937,49.944425692602266,4.430235698483953,3.0,1.938399217392808
6.117322311477821,48.683651737593976,24.381390483360544,4.0,8.085308297986309
11.706705679166937,74.47940398201266,3.882466733580253,5.0,7.218669119186521
20.22079380167598,54.01812337250094,20.37715155162154,5.0,5.286457463299219
13.413846540670695,13.473002628385531,20.35532445628138,3.0,3.983858131641091
24.754327628103766,49.944425692602266,3.300492207012079,1.0,5.286457463299219
13.407357550039702,86.11226737653256,17.441026698473966,5.0,6.467962672383917
28.348167514334307,58.1289456117065,5.549904939565742,3.0,1.6530332832118868
14.835807744851849,49.944425692602266,40.41176050046111,3.0,9.86637460193672
15.242208719092382,80.73651706787263,47.38440129822354,1.0,7.916479709534692
29.449412119625528,28.2463817559146,3.6158237628969294,5.0,5.286457463299219
8.156728979557865,26.96358719265813,47.75576036458507,3.0,5.996357356653867
-3.969314719721167,58.87847910807934,26.12882996683726,2.0,9.157747254055884
-8.704779565899747,42.882277584536375,25.059067115516743,5.0,5.763943163760348
23.98117650531285,77.18890422933762,3.843103763808176,3.0,2.1577356207805742
11.706705679166937,49.944425692602266,25.03121340352089,1.0,5.286457463299219
11.706705679166937,38.27371034421745,25.059067115516743,3.0,8.509876217782582
-0.4166127320990167,28.949644717958563,35.354323863334905,1.0,6.62002365190137
-3.863283598595361,72.44204121950895,2.511300573198688,5.0,6.681881651171103
-9.345490044945311,49.944425692602266,3.645091768395176,5.0,8.734804114040648
5.776440146296864,75.80914548109428,25.059067115516743,4.0,8.992744045893794
16.54629590845849,43.89906029190102,14.764524702397164,4.0,5.286457463299219
7.650982029487956,63.40399194331764,25.059067115516743,4.0,1.401067335904983
9.686371491067806,17.642825106773454,14.05022494543568,3.0,5.6691970186494585
11.706705679166937,59.90874597412584,40.17413716484423,3.0,7.534840451574027
5.671496016048515,46.14141429897833,25.059067115516743,3.0,7.690805028706631
13.129527012191485,56.92867705403793,20.255134726378323,3.0,6.263803918715037
25.26438557335144,23.441136619589077,45.30555010662486,5.0,2.0844796842449047
7.844425204457156,68.94989959553456,25.059067115516743,3.0,8.075495262445811
11.706705679166937,79.02376620345828,23.82184931718958,1.0,5.286457463299219
28.80636689360353,27.33918400726205,11.301449890799988,1.0,1.3182898297158447
32.72842806459389,17.657164441612938,32.0238021087922,1.0,4.906193334406575
11.706705679166937,11.891086883706912,48.94905575874044,5.0,2.152785295457134
31.696443132267248,49.944425692602266,30.17465480216893,2.0,3.706031934273233
12.14523318857922,49.944425692602266,17.890704205677444,3.0,0.6717703759540117
1.6209974734531265,53.7357930171256,32.39087229952642,3.0,4.303133749902203
10.661109030721756,28.555767689278035,6.146033923269378,2.0,5.723830750983999
34.101465887846466,41.27247967244117,44.432954013269935,2.0,5.286457463299219
12.16781422967913,49.944425692602266,25.059067115516743,3.0,6.803158278722746
4.79382246293787,49.741348708733554,22.467487101982105,4.0,5.286457463299219
18.50303844425266,89.02284161719098,29.29323942267596,1.0,2.5468976191194352
0.8065528450186878,20.91518020453865,31.239193139470125,3.0,1.6445773131654455
-6.586150235110123,65.6115643238075,3.5887903113256514,3.0,8.589603133030295
11.706705679166937,42.34550144834337,34.13086106117012,2.0,1.987821741480174
-4.23793724690024,44.25596919404918,25.059067115516743,4.0,9.760220772693856
-3.1643787919467545,67.4078212526541,25.059067115516743,3.0,8.504113179287051
11.706705679166937,65.39489210594957,41.12673971920984,1.0,5.258327755951192
18.839363516144655,49.944425692602266,40.197925377626014,3.0,9.82350353675924
-1.8153962020384835,20.27154315633002,27.625048370394456,3.0,1.42507892652604
5.555027749573844,18.328771950733305,26.00849461553756,5.0,3.379124731163466
30.35547844577053,67.94710537029928,7.143798066970586,3.0,6.563131942885809
11.328273811829256,49.944425692602266,38.76730752015678,1.0,5.286457463299219
20.040098233446223,31.932853324784467,13.570469022335718,4.0,9.319539243817522
-2.2456057959266573,16.35354951911893,24.834771140897328,5.0,5.286457463299219
-1.3469941536098151,16.852659967714445,14.213704646375836,4.0,5.719412404579163
-8.16091226800845,81.53526997312946,25.059067115516743,1.0,6.113229540253588
-2.397922161752596,25.34938597749943,31.47788484458683,5.0,6.700917175883629
2.536565256438138,35.86972496924166,25.059067115516743,4.0,5.286457463299219
-2.0345282075463933,28.13251217815904,37.43226170631,4.0,3.963381061438712
-6.0083859809324975,38.39970446655499,15.879339763055834,5.0,8.514965031817287
-4.571385800472964,15.55390741968747,0.006734650224266,1.0,2.351956305216518
11.706705679166937,49.944425692602266,25.059067115516743,4.0,8.355244548146938
-0.714982671739337,15.409005087377192,2.3425954263801563,3.0,5.8452265175760525
6.392143747163395,74.02852062578893,13.808477891044973,5.0,5.286457463299219
12.65377718846856,28.69696655283464,35.348824372785806,2.0,7.279269979502979
21.06776728832144,53.20095316836085,3.134481081093293,2.0,2.4713592061563503
-8.230953707150547,80.40632700491666,41.96692461780012,1.0,5.903720996121792
25.97346795090692,62.07018952377553,0.1909961329291554,3.0,8.743369951648377
18.25551752709085,52.63662292410682,12.341193460095113,4.0,4.6051042496183285
-6.320843562300764,35.94670024923005,37.04520280760357,2.0,9.682612317121508
29.311038084804977,36.64015304465583,15.81350748646534,1.0,4.796043450966321
31.439258023931597,63.55895641585521,5.094619403300676,3.0,1.8564635483449048
-7.251491806531131,89.5311488976934,18.011695940021394,3.0,4.199629460737896
2.459494166624168,62.94713518795029,13.519664319226276,1.0,9.541172860710104
11.706705679166937,49.944425692602266,42.13559510802774,3.0,3.5373480687286154
23.671686067264623,68.45204081913968,25.059067115516743,4.0,8.746932518737097
-1.6965541289630206,47.21644898269745,25.059067115516743,3.0,5.286457463299219
-0.5792804498480368,14.811387408062815,44.593607240536734,4.0,3.8267719811536303
11.706705679166937,49.944425692602266,21.69087097882648,3.0,5.286457463299219
11.80353433359596,86.61002276043041,45.4971571927196,5.0,7.383300137008773
17.821464718863318,24.024235388612773,25.059067115516743,3.0,3.4593668406328675
6.601113780639757,65.20039126565325,48.20392082450541,3.0,5.286457463299219
10.814062225991655,26.07469509272452,4.464476226278647,3.0,4.705221058474114
23.636192216019047,52.8662147578465,25.059067115516743,5.0,5.286457463299219
-8.349255869923095,17.73411597173757,24.690702022846438,4.0,7.8901393641111
1.3596624954809349,46.02967490065481,19.382440272782357,4.0,4.132451645085466
22.100731364804854,70.49306631161969,31.635593937430045,1.0,4.709709780567688
30.28430769592397,37.80572193911857,35.19285458171656,5.0,4.07380945331141
13.025484895204976,63.19293795897744,0.2181634825154543,1.0,3.98973489513416
13.945106836939203,49.944425692602266,8.347654437359935,5.0,5.496492480563864
-5.177259489710078,84.17422555835621,35.65230253171593,1.0,8.183594722760931
10.13355650705546,28.771366548436283,33.31927067891032,2.0,3.936798963264376
13.967776990476043,41.94527326474465,25.059067115516743,3.0,5.286457463299219
0.9111726635628354,22.193281066433396,38.05188951253915,3.0,6.871909591704708
11.706705679166937,49.944425692602266,47.5386353865669,4.0,3.0596747398847226
11.706705679166937,84.16007743394363,35.127025076740345,2.0,3.136466646572729
-9.096796100002312,53.196570422444765,14.902610431972157,3.0,9.36742470672282
4.493562451243022,77.3626635501137,5.268246112542824,3.0,7.373578446645342
11.706705679166937,51.67663818176337,25.059067115516743,2.0,5.9832734241214345
4.737380848006159,59.88685504022078,32.2074610737958,3.0,5.286457463299219
-4.610704068133695,17.12995456928133,2.4093006196648115,1.0,0.7783447094824745
30.07372763329527,70.42163363974464,18.002523295048917,5.0,6.37197817283612
16.71166040993219,20.217078690818788,47.83999077421431,2.0,5.340334295629918
20.559604361502032,76.08541042020227,25.059067115516743,4.0,5.684621957904639
25.512705737330226,49.944425692602266,21.636456800985236,2.0,3.914526354892762
12.429898951807576,66.69957581943811,22.8849802579647,3.0,1.2740020282729478
-6.088587036065934,12.89283044198097,10.444136200258184,2.0,2.336722719314496
14.169794381834649,34.250268475626285,18.43535854323976,4.0,9.532074775520382
16.407850310939562,49.944425692602266,25.059067115516743,3.0,4.382645841573872
23.54477633829485,38.810912597721526,25.059067115516743,1.0,4.93348998039321
9.424679580335573,17.011419741107083,38.37838142589591,3.0,1.0007430036076703
-4.258886374199631,49.944425692602266,20.82522159519395,1.0,0.8568791806678155
11.706705679166937,54.3041792569901,41.10899434082116,3.0,7.313223746944198
6.338703337938579,34.44194485264188,42.51740005599477,3.0,5.611899309150557
11.706705679166937,41.75852136594267,10.599702734932904,2.0,5.332706850054533
15.685023710101037,45.77620324038685,32.86767410850643,5.0,2.8096830390153524
6.024352665403082,58.047546668849385,23.614090208149086,4.0,7.575131950484261
34.39318619568409,51.25435421571982,25.059067115516743,3.0,2.0982475015306727
17.259866871059923,83.55135785715339,10.787033958822706,4.0,2.30438006477969
0.6752056281197518,49.75707863246642,33.89066001550221,1.0,4.876765627808617
-5.419788732081832,89.372641185865,30.387606112636128,4.0,3.2196586900634383
-3.1213387367050585,78.11399661960766,14.76507387859164,4.0,2.85089832171489
1.0680977773028657,26.680841148586865,6.830045182558631,2.0,6.62975762325665
-2.769338203319995,84.4476171715133,32.58198802386383,3.0,6.684231579576172
-1.6044839176912404,19.309311830838087,36.92987290661654,4.0,8.332912163099326
2.8292825912231194,75.39597667929533,15.7813671881675,5.0,5.286457463299219
-2.198188211736033,49.944425692602266,25.059067115516743,4.0,5.286457463299219
30.35444410818913,49.944425692602266,19.75654538057516,1.0,3.099830656753848
-6.3894814452261,49.944425692602266,35.66034416413088,1.0,5.286457463299219
13.60301253066146,74.4740320094097,9.960763744702655,1.0,6.164456464710669
8.467857214534767,49.944425692602266,25.059067115516743,4.0,7.242502305609692
11.706705679166937,34.37433112784326,14.370479823278986,2.0,5.286457463299219
-4.9582494024376444,16.473542644100174,25.059067115516743,5.0,5.422954455733948
7.903501957058374,42.23841430121291,2.904597604017489,4.0,0.8565222465521296
33.6261694973916,49.944425692602266,5.57561061606382,2.0,5.907687014868756
28.94782066522911,65.59608711219694,25.059067115516743,3.0,9.247323071542716
26.7682431927176,37.687978123022845,25.059067115516743,4.0,9.699981739753875
1.6056272170222918,88.04881606879319,41.77401128710972,4.0,5.635250416194779
-2.3100585674470384,61.27776618762656,0.7346694327476921,2.0,4.852945649896052
20.088944896599397,75.79844509074887,18.95470243359681,2.0,5.286457463299219
31.82191951074136,49.944425692602266,16.867277338454635,3.0,6.899293403968604
11.706705679166937,78.9611585818098,0.9663815458800518,3.0,1.11654315561489
15.722571026145497,83.82057524107155,25.059067115516743,2.0,4.924392987841227
2.5990592147127884,48.96495350551487,20.682133745931765,1.0,5.286457463299219
11.706705679166937,49.944425692602266,24.64322922237233,4.0,4.963141053762475
-1.583031314911448,71.18478407223964,20.21448736274345,1.0,4.826922934060437
4.565565638190966,23.987090180833004,26.54688392060469,3.0,5.286457463299219
9.144639737738752,49.944425692602266,29.756583745284075,4.0,3.889319658317887
12.842467040800477,41.89304222178505,0.4961910563917815,3.0,2.0605692698313165
0.9084379586786112,21.70991937297993,23.204757972675196,2.0,5.285334628604584
-4.832342886735841,39.40275378332252,25.059067115516743,2.0,5.286457463299219
17.477901909873466,15.453784750839484,25.951614006477435,5.0,6.808116166642222
2.9883748958115106,12.06495255595896,33.87711337294766,2.0,3.7144947262895514
11.706705679166937,20.81330313238582,15.59319289584416,3.0,9.387468716209144
-3.0536778126608963,49.944425692602266,38.69956890763813,2.0,9.16597192686723
11.651304583466786,53.96236287160136,38.64607409380575,4.0,2.4888097941489384
13.966524464821363,87.2657728922576,26.064802382706947,2.0,0.8744670586434482
11.706705679166937,49.944425692602266,48.80069116396068,3.0,7.5424327293322415
5.147192518726426,34.945290646820766,6.277510738132669,3.0,8.362297482816956
-3.95133953774616,50.49134902721953,0.8473832444790497,3.0,9.694713376537877
11.706705679166937,49.944425692602266,38.5079105878548,3.0,8.953445743838952
34.54821045754753,49.944425692602266,40.35777686824413,3.0,5.286457463299219
4.505923023862534,61.266105175216495,6.0103614560288126,3.0,5.535497222517618
11.706705679166937,49.944425692602266,13.279141647930304,3.0,0.7644899869945698
1.4588294643693729,59.56703639182636,0.8776181683314455,5.0,2.8432362450253894
20.667622500076817,49.944425692602266,14.665430539028234,4.0,4.866340141462801
24.21025369503589,49.944425692602266,38.657093695933575,5.0,5.286457463299219
16.803743327352993,14.907970168853453,25.059067115516743,1.0,5.793892416524901
11.706705679166937,72.46092688547519,17.404779658414405,5.0,7.55504190197606
8.532841136627084,46.78403390154561,18.586964745316514,2.0,3.157785843426888
5.699071994434789,14.653103640438063,0.0676812857734077,4.0,5.867049772698496
31.82881149115217,49.944425692602266,14.990026378261796,2.0,5.286457463299219
27.37787335044781,49.944425692602266,25.059067115516743,1.0,4.429822474040466
11.706705679166937,65.60281830868425,48.70972219081786,4.0,5.286457463299219
-4.406624943150487,88.69431402107308,42.353041349194974,3.0,7.087308107575918
22.889036384163997,29.13440833727405,1.1797482322764563,5.0,9.9111060031357
32.225320556946706,21.37994949497569,44.92803023374197,3.0,5.286457463299219
-1.8445120225452936,49.944425692602266,39.1599206649313,3.0,5.232798342152802
-7.007667968495013,34.262011805407646,39.01880617854902,3.0,5.286457463299219
23.35042921805266,18.08366488085173,22.89978795017857,5.0,4.68572958356216
15.851290093096036,65.37290733553056,19.90026464772514,3.0,8.641026233759186
27.882294954122244,14.983343850405015,15.14578644165963,3.0,6.999986214290622
-3.710243051816972,50.75377025198318,3.284742947718289,4.0,8.883191317802027
25.787029033695056,89.73574830823814,11.411768174684957,3.0,2.433355529152921
-0.9267705978514956,49.944425692602266,12.33018174890123,3.0,8.796930619493661
-2.6354825710432976,59.21755505848087,24.20385348551008,3.0,1.067741604694652
11.706705679166937,34.500289662928935,37.3722203298347,4.0,8.941693164152948
11.706705679166937,59.91166690333108,23.69049141989733,1.0,3.626200904876915
19.933874931329004,52.16331711293213,2.8922224723580303,5.0,3.488582517433632
13.537944114610369,44.08667071122972,47.88949004941019,3.0,5.364841478637307
6.147371785557613,20.45683013921596,47.13621595470561,3.0,9.4365567833707
11.706705679166937,80.92833721923733,39.25947715742042,1.0,0.953922964473351
7.660029834018591,45.9827719057058,49.56639507821103,5.0,3.84619426317208
26.746974776220966,25.569800945661207,27.224116640013147,3.0,8.63743389249169
9.76107088565983,39.420748070183166,48.138417512660304,5.0,4.262517535636934
6.9624993241208415,43.13038020231416,25.059067115516743,3.0,5.286457463299219
10.820590355132287,76.20303164534994,18.284037413068567,1.0,5.286457463299219
3.5620043373863943,49.944425692602266,11.269063400338291,4.0,4.162748764170859
11.706705679166937,49.944425692602266,9.7916542067135,3.0,5.286457463299219
12.622417554161562,10.882501154291775,7.040147444633805,3.0,7.738376569559422
0.4495712816067794,43.29231985438092,31.120682078299836,1.0,5.298597779568061
30.48085579735558,48.50753213082589,39.06609278736525,1.0,9.889520383854926
7.275104961794515,11.535382145844537,25.059067115516743,2.0,4.920136547121271
14.459878750129487,30.785056699602737,7.348135479410484,1.0,1.0532593927926146
30.79124499340461,70.8231858497708,40.55618849667354,5.0,5.286457463299219
11.706705679166937,20.968776458319923,31.797735358186426,4.0,4.64266956208347
11.706705679166937,52.824810516207336,19.40828530634977,2.0,1.990574929388141
32.29244556260638,27.216149761379,33.70651477680315,4.0,9.501868700078408
18.246862388213803,10.969661971511462,12.995248962141645,4.0,7.785064529268844
5.070752659568875,49.944425692602266,17.259610424710527,3.0,3.0487284040638403
-3.7327567301475737,88.0699003928043,45.87429215659951,3.0,6.1126430684202
25.73113351716332,74.12296895063916,25.059067115516743,2.0,7.353766992540934
17.903274016783108,86.76613154568267,23.49941340789683,3.0,9.442149824614582
14.005749138934467,49.028323514109,44.507056869800735,3.0,8.875535817166401
11.706705679166937,18.77889589420028,35.386067513376375,3.0,5.39432614831303
25.486874505103884,53.83675911789544,3.1101613082351376,4.0,7.859199888033667
-3.174630412026197,46.35018676479688,25.059067115516743,2.0,5.840375161362058
4.02749305079967,77.54856661916928,25.059067115516743,4.0,5.750686955432631
1.1820112916509586,17.846606462739565,31.54608951145817,5.0,1.590048604212823
23.47758316577046,49.059290961742256,22.38367127052092,4.0,1.6983077511534446
-8.491040436889929,22.00389317551874,6.713742545113776,5.0,5.5305693427133455
11.706705679166937,35.9740741512048,47.896706052838525,1.0,5.286457463299219
24.31064085833108,68.98856619102398,26.482986197280997,1.0,0.699850573374452
29.454453654278723,48.08145034950133,12.094664705644458,5.0,7.366972437052016
5.393678692215836,40.07106281166155,25.059067115516743,3.0,0.8086226685565672
26.956578710240574,49.944425692602266,33.98101663675539,4.0,6.155129990488518
-5.021571837015674,49.944425692602266,25.059067115516743,5.0,5.622341044209486
28.09035312805332,72.80132350696455,13.7351907523946,2.0,9.703739560489142
-4.263010195060791,81.36677511521876,40.34827454419968,1.0,5.100024823802595
7.877928075216527,86.42677492031426,22.983243520133065,1.0,1.104213645589075
25.878291460079915,72.9522709004236,27.328857101614744,5.0,5.741035694161386
-3.25371576930518,35.23255165984102,21.640800110473464,3.0,8.490413620852964
0.3163127854688667,65.05077648692337,2.194997132150256,3.0,9.97006820067368
11.706705679166937,45.00824992443136,8.287488991007796,5.0,4.588260150046189
22.401644144573343,30.37364976368409,22.277081937094543,2.0,3.542838053719054
18.85164347983838,77.26972635407381,10.459273270396393,3.0,9.11320632104399
21.2276800010195,13.074107916986,2.4989514329839366,5.0,2.316800226223153
11.706705679166937,49.944425692602266,42.18248320259119,2.0,6.346574692812803
11.706705679166937,46.91819716997873,49.05962645820579,2.0,4.354287029719004
5.556319707676375,60.97611814466244,39.65714369983697,3.0,0.8902824670777751
11.706705679166937,62.748313776462616,42.68924608523335,2.0,3.799240505904129
11.706705679166937,81.60941925652291,12.098856515852267,3.0,3.0196709637754084
16.25263076447542,60.93357457337659,48.03134877565999,3.0,7.017865962463125
8.038313754363795,59.11468678080495,9.84628522267142,5.0,9.513509728073222
10.79026116398597,15.332163244855195,47.571490518091615,5.0,3.0464482800970587
32.62775028253169,51.47264175561632,49.74096469829755,2.0,8.208926421940976
-3.099186859776391,22.01352006536333,35.586140287302435,3.0,1.0259182609148905
16.380342440755875,68.99470149771885,49.0571865895911,4.0,5.612149595378225
12.76499054980097,50.97775366501396,25.059067115516743,1.0,1.1702256052439983
17.515440594559152,64.41822233666826,12.977089158804516,2.0,9.373313415741071
-9.185041728062178,13.33383204819074,25.059067115516743,2.0,7.780337165295207
29.24557590248682,49.944425692602266,29.678046768939296,1.0,6.750524156443627
31.94532271176256,67.30587104501458,3.654078101350749,4.0,8.32701562543431
15.430993261514402,49.944425692602266,25.059067115516743,3.0,6.6514380579165495
21.34928707446015,15.700538221220688,49.058891838114725,5.0,9.704971773155766
31.512472152978305,49.944425692602266,9.50538248918638,3.0,7.2826005047153295
21.825738544102936,86.5201118639584,39.62975581441916,3.0,9.284256791031344
-3.13574306885824,69.00066875672056,25.059067115516743,3.0,5.412752974101061
15.932976207506591,38.260112680165136,47.18507964101104,2.0,1.6121119233276953
17.302177087228515,33.72284650301242,48.00678022027236,4.0,5.286457463299219
9.085880208607373,37.97625837966797,25.059067115516743,3.0,1.7052918665993864
11.706705679166937,49.944425692602266,48.86539539957519,4.0,6.128688052175848
32.04651566460567,62.90964888563315,37.86551035672194,1.0,5.083684075012798
11.706705679166937,24.815645429397435,8.083571811848095,5.0,6.414466279411426
10.287771713185943,23.928746826726748,23.8450053233985,3.0,0.5954463200209001
11.706705679166937,17.871651977071785,35.9165587686002,1.0,2.3509846707259587
34.317853953305054,62.82421757610705,12.367015790954166,3.0,5.167639103165244
11.706705679166937,71.14981297773888,32.03075917744437,1.0,9.52978383509678
-4.390179345852992,31.20371426600032,33.33002395233096,2.0,5.286457463299219
31.43788471778176,11.675596882473023,8.134987190428294,3.0,4.531534247509529
29.145336292795776,16.573733398114186,28.254265622637813,2.0,7.28961284556291
13.347712570673243,87.42880278760244,38.58134554893039,5.0,5.286457463299219
16.607394608521815,33.63558219819362,24.944783226797096,5.0,3.3397984259341658
7.955121674155862,71.53785182705069,0.6051558388053713,3.0,4.402755757890564
-7.5357262530085904,59.9730855083411,0.4519234539646088,2.0,5.286457463299219
5.083875874065541,40.55517117223168,17.851467198500607,2.0,9.67720386173698
26.128405186910516,26.45498097564441,46.3097034215891,3.0,1.7410266247949175
-9.791558964792872,19.710913452752514,11.433838980180438,3.0,4.032449453380985
5.007462726101489,59.20103744310933,31.71818444358436,2.0,0.7454702360901063
7.917591211592448,71.97070245102304,11.103793534666028,1.0,2.6069051733686908
11.706705679166937,61.512340283290456,16.08349948297743,3.0,7.914475814611472
31.39350273857422,52.42417065993266,25.059067115516743,2.0,2.411164706744355
11.706705679166937,13.3560978745309,36.443072113497344,4.0,1.2606023240251731
5.612894085330247,87.47910220755071,4.769963865660531,3.0,5.007305208522971
23.18755616493868,73.89713533236596,21.43510104932168,5.0,0.5947077299779258
10.349807340041323,33.42576293607718,1.4584881822632234,1.0,1.3052784670501651
0.1072170322991876,88.39762634870806,24.04450733015045,3.0,5.286457463299219
10.3597782259712,58.15052717090577,33.121700585053404,3.0,5.286457463299219
-3.661434082909007,49.944425692602266,25.059067115516743,4.0,9.193818793846512
-2.062585607219951,69.84585435436257,14.444246945458284,5.0,8.61789664115212
12.426549773276587,74.941583047211,19.891831275107847,3.0,6.990167850778272
11.706705679166937,62.51828858652021,45.976551232802485,4.0,0.997162144356297
11.706705679166937,20.247659709296,49.66275077114821,5.0,7.937061870873246
6.307725460248491,37.06140047955987,2.245564949780793,3.0,8.532352702985325
11.706705679166937,49.944425692602266,38.0503961747696,2.0,8.091280384833567
18.451892956378867,27.96924894750816,18.58620332011716,5.0,5.330550835426248
-9.410749453524986,49.944425692602266,25.059067115516743,3.0,2.712567467170076
19.85918174075198,44.56615063553568,37.71324866735114,2.0,5.286457463299219
-1.988381490861185,45.15239917555618,45.92132160727044,2.0,5.286457463299219
33.24816428612548,59.03516659956204,47.54642972512742,5.0,9.81723115669409
-3.310177251109917,85.4460670195766,28.85612930191604,3.0,5.286457463299219
8.658085567716068,29.2554169466004,17.85605796502514,5.0,2.643813538994523
-6.159264936461026,19.720110104073445,39.37745429293896,4.0,2.512082423874276
34.85934133306763,25.797639188794985,25.059067115516743,3.0,8.029127792402699
12.598775464905916,80.95399201674157,25.059067115516743,3.0,2.2756193162761225
11.706705679166937,61.664865012416485,25.059067115516743,3.0,1.133268383321408
-6.981558517520764,49.944425692602266,32.83155368539381,3.0,5.286457463299219
11.706705679166937,75.27575511748938,12.019945644675346,1.0,0.7357635087289169
11.706705679166937,78.90959970907488,9.579647286741288,5.0,8.434818571509224
11.706705679166937,49.944425692602266,45.91195433377185,5.0,5.286457463299219
-0.7687161783096776,83.51412269116436,5.090184147476845,2.0,8.495346867699245
-1.4190525701350047,49.944425692602266,25.297895386746585,3.0,5.768894666505878
-8.35526494683573,70.40335429970227,11.042639148150446,4.0,9.065496680120422
11.243012529949963,46.8431597819312,1.9464981662833725,3.0,9.298833370938953
11.706705679166937,77.35988423120492,1.8009409145713196,5.0,0.586432722167372
-7.043111225724143,68.27925417292906,8.761088605291366,4.0,5.286457463299219
24.89874275127548,72.11579571997797,43.338517725300015,3.0,2.878407930923127
10.397997563661242,62.49294701448572,14.123937198851332,1.0,5.286457463299219
13.597562119741102,24.19430155757655,47.52295852876479,2.0,8.938585866859308
9.834323612220269,53.60215351175506,29.08111464945968,3.0,4.869448537292646
8.03433773938967,88.77357916196065,21.830709488438305,3.0,6.266244604605522
15.183814908869806,84.99104531976951,29.00444173347273,1.0,2.290748601557831
-3.014188933117937,49.944425692602266,25.834919261313388,5.0,8.147184921876011
-1.8132341277128,23.18518525835497,25.059067115516743,2.0,9.689617057857962
28.78035294560828,20.538301876364955,14.124803298642613,3.0,3.051689862688676
32.575195796013475,68.07839279882364,17.65251958001512,3.0,5.20084654020519
6.798919232588883,75.4228263885556,44.704715126662535,3.0,1.318103049810551
2.18351029145992,27.080909304853755,47.32282565752028,2.0,5.8117982363982
18.97997944575571,50.46821543614632,25.059067115516743,3.0,5.276442697543465
8.39303769941434,77.256242240896,20.97239969786568,1.0,1.8721465994732367
-8.857613995284481,49.944425692602266,39.01827515034408,3.0,4.6996290246217125
-2.9731331185214334,53.378976439347866,23.81678666505494,3.0,3.673994194822351
22.21875029813289,57.22781523670183,24.87699260730511,4.0,5.457393315399298
19.651577385956813,50.6688437533024,25.059067115516743,1.0,6.0637161865735925
-8.780680337343243,33.803876105505644,29.556515162925823,1.0,0.5807079967684903
-0.0112527130172743,55.20175942872129,9.306794887667396,3.0,7.729556838020776
11.706705679166937,49.944425692602266,16.57823495335969,4.0,7.2736357726865375
20.23517346194278,79.86583326886462,42.75151008099676,3.0,3.979720668961961
-9.113025801053611,60.903308318339846,10.35379046054276,3.0,1.0028913879037735
-5.315113810694177,70.88972296345264,3.557914258671641,2.0,7.671859127957979
25.996223841793523,22.80573079636584,3.450379630640815,3.0,9.574164024542258
-1.9654902075549876,46.92459795358319,47.03922602515539,3.0,2.781440162209135
19.37357485333436,10.746529586167464,25.34602189809173,5.0,3.57348383050186
0.718225147102693,29.73430916172984,20.47060359085092,2.0,5.286457463299219
-5.525137325829467,68.11693720904039,40.54392905039592,5.0,5.980893171775977
11.706705679166937,49.944425692602266,41.7912963955258,3.0,1.970993249150822
22.50201193350466,17.934247966977274,16.60955165578023,2.0,3.8838424628831048
11.706705679166937,42.11954526890306,34.68090287368976,2.0,7.121623632375498
11.706705679166937,74.00567749593276,38.55614079259433,4.0,5.82110183858881
7.873258832830466,26.32285077031191,32.73253434329773,5.0,4.171394361115385
20.06383114567908,54.4067959441829,7.579753740004969,2.0,4.492371217171648
-0.7757067062880569,68.64570368237398,43.79415417585285,2.0,5.286457463299219
3.191647861745597,59.278836020814325,25.059067115516743,4.0,0.5557149149280324
11.706705679166937,25.04197876923329,14.123621318500184,4.0,5.286457463299219
-9.41491344201688,38.43076549485915,21.26140927188469,3.0,8.871951643748611
-6.152116111548937,72.70334275883178,1.878554519945369,1.0,1.2398503963672622
-0.6451185184287702,54.33812113056133,6.3933400611208775,1.0,7.214634163999799
11.706705679166937,10.41836908343302,38.27733752579304,3.0,9.240362559036
-1.8354054209591213,70.8792608022475,0.000581737768307,2.0,3.0714942408664454
16.236870243636147,12.824908395219126,20.82829142411461,5.0,4.019668652065386
8.964104776662406,69.65870261849858,26.125509054279423,2.0,5.904753355524805
30.170226998463868,26.19844481321899,2.7317210000486147,5.0,8.876235211566554
26.78496027822984,86.64587840955042,48.65390814861664,5.0,9.448103078973991
5.38178082640442,39.43526010416676,11.306266562483597,5.0,7.525850857057047
11.706705679166937,36.15452930704633,15.209935981814043,2.0,1.3228877281195932
7.086158367527009,21.911044026595576,25.059067115516743,4.0,6.856964477581083
16.56327241316635,34.44833723921719,11.520833105867496,2.0,4.397885357790289
2.0628638370294325,80.13206094625605,25.059067115516743,5.0,4.971659495165085
18.08670085321103,89.70674701017978,36.467239704399816,3.0,5.286457463299219
8.42352434860582,39.464762440547865,48.34227498996427,1.0,2.315090323790403
14.842123138339112,45.8888504763634,11.214674164252251,5.0,5.286457463299219
9.62569381108925,49.944425692602266,33.15235959017112,3.0,4.812608913954668
3.250959179386296,80.89566243720596,37.09481634793576,4.0,3.365791295495914
32.68039881329705,57.44354673494273,42.42126895452624,5.0,5.286457463299219
24.36226073718924,41.32205585422635,21.131459850680457,3.0,8.616795376593961
-3.694907090509635,43.0097472678899,15.146545282021462,5.0,5.286457463299219
29.081058915406075,65.64945171974455,16.264756701151555,2.0,3.0869962732202865
11.706705679166937,10.257461088342296,35.63106665492564,3.0,1.6162674820175464
30.25485021023411,59.56714699678726,40.8389733252818,2.0,2.8939831056186813
25.993486517629183,38.43944083530859,25.059067115516743,2.0,9.24718628501997
11.706705679166937,73.53578650216674,18.54705040788826,3.0,6.025093959572676
11.706705679166937,17.439251185850573,25.059067115516743,1.0,5.568061983075437
2.0904811723225727,57.05618135587124,40.33467598473696,3.0,6.165739197078384
14.373539659739013,48.4778311908899,49.24292013812379,1.0,3.977268524591895
18.506519892176627,61.38604207241819,37.712412984104034,5.0,8.16751669303537
1.604945844494102,15.188287558637468,19.659760051396116,5.0,5.471219368352373
-3.7289766667229145,56.3987029942505,29.531891699731887,3.0,1.6091050763035577
27.571860655968457,54.9187670367619,33.050712712366014,5.0,1.7261186858760982
34.29809813165985,54.85280755329367,3.9227908158561977,4.0,5.600161891774874
13.656058203620862,58.27901332771639,27.22484795519325,2.0,9.397417071672972
-2.2744321368263423,49.944425692602266,35.46604142363048,2.0,3.429345155923888
2.2538296933716038,74.39911997446158,8.366065200053018,1.0,8.760641104162573
-9.172419555363996,31.585657610257147,39.031585871277855,5.0,7.758908072499354
31.143446295222454,76.00395281440497,29.18863902570558,1.0,2.854218207615615
-4.701201269943649,49.86045458107629,25.059067115516743,2.0,0.8452371090043034
15.94324139814141,16.164662330746495,25.059067115516743,2.0,5.286457463299219
2.33248493092427,14.684074339518336,13.26630687777335,5.0,7.420692371550682
14.938010113210703,36.73906549568486,30.077693964991205,4.0,5.286457463299219
19.31391747583389,49.944425692602266,25.059067115516743,4.0,4.027073744801241
27.33838116682407,66.61447477927325,35.721208203562114,5.0,5.266142077061036
-0.7110427707728562,73.08919717379251,37.95026412609655,5.0,7.391947600276547
-9.50518771036838,51.38152451532875,5.125798203323723,1.0,1.5756966209616912
11.706705679166937,49.944425692602266,25.059067115516743,5.0,4.360480850135884
30.50083888316473,49.944425692602266,25.444527779552796,4.0,5.286457463299219
29.325053490313188,36.25542028874492,25.059067115516743,5.0,5.637857107729627
16.883589597663875,44.72154929391002,46.6462431284836,1.0,5.286457463299219
17.023258719514402,17.08803437436938,41.37531599366106,1.0,2.1309428529105605
11.706705679166937,27.6489562168969,34.86046909548184,1.0,8.174398792352912
-2.1082924619447683,57.85802352509911,35.71633178674988,3.0,7.082345063118196
31.14853756662319,68.85304913913518,23.08580719065596,3.0,5.780772734890114
8.84467362014329,89.86780091143598,46.0497260548288,5.0,7.145514768824433
7.241233771227385,49.944425692602266,34.729771362664266,2.0,4.414168520040736
11.706705679166937,61.40521596281532,36.44905308279082,3.0,1.8147770666971836
-7.886531495122523,43.69984426352576,25.059067115516743,3.0,6.824769782520989
-2.517248405976426,60.89418917665861,13.70357946710955,3.0,5.484386913513411
23.211512739186663,72.85212944641856,40.35354519333515,3.0,6.574060605156367
-6.274059943369309,19.466895273870986,9.762030147824602,4.0,3.710988419770655
17.14184492598747,42.79239117570306,17.26709761224439,4.0,9.11523248472844
1.040709935659443,77.18418285084938,16.780522713492136,5.0,6.080013751467981
11.706705679166937,40.70663615464352,48.92627341945703,3.0,1.3113236007633011
11.706705679166937,55.74978169817492,42.82686118739634,2.0,4.773137911692072
6.005272240922711,57.021548868975856,35.058493079512985,2.0,7.685382520064526
22.357065733291044,49.944425692602266,36.35283808076951,4.0,8.044278336456587
3.370477203042876,38.97883533218307,28.103639720128555,1.0,5.198672001255709
15.488208813360371,36.76090309935457,47.35453335542596,3.0,9.000101922897361
11.422268098959483,12.095736682565184,24.81293764411808,2.0,3.0428501533458268
19.86520244131917,11.93534111130842,19.025885493494727,2.0,4.400687623763533
32.15733826961411,76.53576349406188,8.15176684657955,1.0,9.036670650405217
22.965744374461263,31.845664797824995,39.3102826130529,1.0,9.01443880648
-0.3276829634159455,51.44630129910524,36.72219660377957,5.0,5.286457463299219
-8.59675892224219,33.898045887101844,19.217751926206745,3.0,8.660315197661092
1.8018819934921293,85.25433960922724,1.259670697961468,1.0,1.3433460360842102
16.77850688151147,30.7437407092619,41.949866385900535,2.0,8.717452273973874
-7.685838393208734,44.37254501911481,0.5708991727036816,2.0,3.545889112227154
12.336481124055634,79.81842003876815,35.18498898145255,4.0,2.194149368068055
16.857928201260016,77.3546853433447,48.51285548630285,1.0,5.286457463299219
5.040975086763236,24.888113427702187,21.883066407410173,5.0,4.470700826131927
24.69104916856199,74.21146478365684,25.059067115516743,3.0,5.286457463299219
-5.2030786089802685,46.65495093903141,35.243550502169086,5.0,3.5453920671567407
-6.618799821888606,48.637509766828416,40.85640710077926,2.0,1.7822956176806
22.76849402916215,20.6783977932755,27.321515803892364,5.0,3.313679272810486
12.29710922927893,16.44812110056997,48.35176376280731,2.0,5.286457463299219
11.706705679166937,68.23514455790121,2.583436082898056,2.0,4.697610226865107
9.56723023716858,49.716892188423984,25.239779915226407,3.0,3.793828231741156
1.088091495759807,49.944425692602266,35.9226973661275,2.0,7.591295224142582
26.85960429533899,49.944425692602266,43.13202355745895,2.0,8.98834472823652
25.97371455360407,71.24103191928879,25.059067115516743,4.0,7.689497617572772
21.261341188449205,22.712653413548285,25.059067115516743,3.0,3.654006670117952
11.706705679166937,58.8180119582113,25.059067115516743,4.0,7.57220059445676
11.706705679166937,20.82832658221484,19.82768409949816,4.0,1.9438117335034863
11.706705679166937,70.11000688232366,6.585751428954678,1.0,1.7380208868672635
-5.878806700301463,62.55641250137116,43.26478794544562,3.0,3.7834568518435097
31.27911089580093,86.52916968667664,7.863660408985767,1.0,8.173172505918542
11.706705679166937,15.516641308513694,15.489392960454962,3.0,2.840308348801868
32.76068092193611,14.564377692100344,14.502276598121844,1.0,5.286457463299219
10.070259783108009,32.57496597545601,43.57070170954272,5.0,1.7512405844603731
